main,time_marker
1000,1728346129.0016649
2000,1728346134.1167526
1000,1728346139.2383926
3000,1728346144.370041
1000,1728346149.4949746
2000,1728346154.618437
1000,1728346159.7268085
3000,1728346164.8404722
1000,1728346169.9490025
2000,1728346175.07208
1000,1728346180.2034647
3000,1728346185.3221946
