time_marker,marker
1728432656.4636812,1000
1728432661.5939682,2000
1728432666.716592,1000
1728432671.8240454,3000
1728432676.9325655,1000
1728432682.0552862,2000
1728432687.180289,1000
1728432692.287333,3000
1728432697.4101217,1000
