main,time_marker
1000,1728432656.4636812
2000,1728432661.5939682
1000,1728432666.716592
3000,1728432671.8240454
1000,1728432676.9325655
2000,1728432682.0552862
1000,1728432687.180289
3000,1728432692.287333
1000,1728432697.4101217
