time_marker,marker
1728346129.0016649,1000
1728346134.1167526,2000
1728346139.2383926,1000
1728346144.370041,3000
1728346149.4949746,1000
1728346154.618437,2000
1728346159.7268085,1000
1728346164.8404722,3000
1728346169.9490025,1000
1728346175.07208,2000
1728346180.2034647,1000
1728346185.3221946,3000
